{
  "bg": 87, 
  "temp": "absolute", 
  "snoozeBG": 98, 
  "predBGs": {
    "IOB": [
      87, 
      85, 
      83, 
      81, 
      80, 
      79, 
      79, 
      79, 
      80, 
      81, 
      83, 
      85, 
      88, 
      90, 
      93, 
      96, 
      98, 
      101, 
      104, 
      106, 
      109, 
      111, 
      113, 
      115, 
      116, 
      118, 
      119, 
      121, 
      122, 
      123, 
      124, 
      124, 
      125, 
      125, 
      126, 
      126, 
      126, 
      127
    ]
  }, 
  "rate": 0.675, 
  "reason": "COB: 0, Dev: -14, BGI: -0.14, ISF: 95, Target: 100; Eventual BG 98 < 100, 27m@-0.750 = -0.338 < req -0.042105263157894736-0.22499999999999998", 
  "COB": 0, 
  "eventualBG": 98, 
  "duration": 30, 
  "tick": "+1", 
  "IOB": -0.261
}