{
  "bg": 128, 
  "temp": "absolute", 
  "snoozeBG": 95, 
  "predBGs": {
    "IOB": [
      128, 
      127, 
      125, 
      124, 
      122, 
      121, 
      119, 
      118, 
      117, 
      116, 
      115, 
      114, 
      114, 
      113, 
      113, 
      113, 
      113, 
      113, 
      114, 
      114, 
      114, 
      115, 
      115, 
      116, 
      117, 
      117, 
      118, 
      118, 
      119, 
      119, 
      120, 
      121, 
      121, 
      122, 
      122, 
      122, 
      123
    ]
  }, 
  "rate": 0.6, 
  "reason": "COB: 0, Dev: -7, BGI: -0.47, ISF: 93, Target: 99; Eventual BG 95 < 99, 26m@-0.775 = -0.336 < req -0.08592910848549946-0.23249999999999998", 
  "COB": 0, 
  "eventualBG": 95, 
  "duration": 30, 
  "tick": "+0", 
  "IOB": 0.284
}