{
  "bg": 131, 
  "temp": "absolute", 
  "snoozeBG": 99, 
  "recieved": true, 
  "predBGs": {
    "IOB": [
      131, 
      127, 
      123, 
      120, 
      116, 
      112, 
      109, 
      105, 
      102, 
      100, 
      98, 
      96, 
      95, 
      94, 
      94, 
      94, 
      95, 
      95, 
      96, 
      97, 
      99, 
      100, 
      102, 
      103, 
      105, 
      106, 
      108, 
      109, 
      111, 
      112, 
      113, 
      114, 
      115, 
      115, 
      116
    ]
  }, 
  "reason": "COB: 0, Dev: 10, BGI: -5.27, ISF: 95, Target: 100; Eventual BG 99 < 100, Snooze BG 99, 22m@-0.750 = -0.275 < req -0.01-0.22499999999999998", 
  "rate": 0.7, 
  "COB": 0, 
  "eventualBG": 99, 
  "timestamp": "2017-04-01T02:03:33.404639", 
  "duration": 30, 
  "tick": -1, 
  "IOB": 0.447
}