{
  "bg": 122, 
  "temp": "absolute", 
  "snoozeBG": 91, 
  "recieved": true, 
  "predBGs": {
    "IOB": [
      122, 
      120, 
      117, 
      115, 
      113, 
      110, 
      108, 
      107, 
      105, 
      104, 
      103, 
      102, 
      101, 
      101, 
      101, 
      101, 
      102, 
      102, 
      103, 
      103, 
      104, 
      105, 
      106, 
      107, 
      108, 
      108, 
      109, 
      110, 
      111, 
      112, 
      113, 
      113, 
      114, 
      114, 
      115, 
      115, 
      115, 
      116
    ]
  }, 
  "reason": "COB: 0, Dev: -3, BGI: -1.86, ISF: 86, Target: 96; Eventual BG 91 < 96, 27m@-0.825 = -0.371 < req -0.11574074074074073-0.24749999999999997", 
  "rate": 0.575, 
  "COB": 0, 
  "eventualBG": 91, 
  "timestamp": "2017-03-30T02:59:02.501905", 
  "duration": 30, 
  "tick": -1, 
  "IOB": 0.32
}