{
  "bg": 81, 
  "temp": "absolute", 
  "snoozeBG": 101, 
  "recieved": true, 
  "predBGs": {
    "IOB": [
      81, 
      77, 
      74, 
      72, 
      71, 
      70, 
      70, 
      71, 
      72, 
      74, 
      76, 
      79, 
      83, 
      86, 
      90, 
      93, 
      97, 
      100, 
      104, 
      107, 
      110, 
      113, 
      115, 
      117, 
      119, 
      121, 
      122, 
      124, 
      125, 
      126, 
      127, 
      128, 
      128, 
      129, 
      129, 
      130
    ]
  }, 
  "reason": "COB: 0, Dev: -22, BGI: -0.3, ISF: 101, Target: 103; Eventual BG 101 < 103, 25m@-0.575 = -0.240 < req -0.039564787339268055-0.1725", 
  "rate": 0.5, 
  "COB": 0, 
  "eventualBG": 101, 
  "timestamp": "2017-03-27T05:59:57.096832", 
  "duration": 30, 
  "tick": "+1", 
  "IOB": -0.44
}