{
  "bg": 111, 
  "temp": "absolute", 
  "snoozeBG": 100, 
  "recieved": true, 
  "predBGs": {
    "IOB": [
      111, 
      107, 
      103, 
      100, 
      97, 
      95, 
      93, 
      92, 
      91, 
      91, 
      91, 
      91, 
      92, 
      93, 
      94, 
      96, 
      97, 
      99, 
      100, 
      102, 
      103, 
      105, 
      106, 
      107, 
      108, 
      109, 
      110, 
      111, 
      112, 
      112, 
      113, 
      113, 
      114
    ]
  }, 
  "reason": "COB: 0, Dev: -16, BGI: -1.73, ISF: 99, Target: 102; Eventual BG 100 < 102, 30m@-0.575 = -0.287 < req -0.04040404040404041-0.1725", 
  "rate": 0.5, 
  "COB": 0, 
  "eventualBG": 100, 
  "timestamp": "2017-03-28T04:19:45.475624", 
  "duration": 30, 
  "tick": "+1", 
  "IOB": -0.05
}