{
  "bg": 139, 
  "temp": "absolute", 
  "snoozeBG": 95, 
  "recieved": true, 
  "predBGs": {
    "IOB": [
      139, 
      132, 
      126, 
      120, 
      115, 
      110, 
      105, 
      101, 
      98, 
      95, 
      93, 
      92, 
      91, 
      90, 
      90, 
      90, 
      91, 
      91, 
      92, 
      93, 
      94, 
      95, 
      96, 
      97, 
      98, 
      99, 
      100, 
      101, 
      102, 
      102, 
      103, 
      104, 
      104, 
      104, 
      105, 
      105, 
      105, 
      105, 
      105, 
      106
    ]
  }, 
  "reason": "COB: 0, Dev: -13, BGI: -3.33, ISF: 86, Target: 96; Eventual BG 95 < 96, 26m@-0.650 = -0.282 < req -0.023148148148148147-0.195. Setting neutral temp basal of 0.6U/hr", 
  "rate": 0.575, 
  "COB": 0, 
  "eventualBG": 95, 
  "timestamp": "2017-03-29T06:19:45.191055", 
  "duration": 30, 
  "tick": -7, 
  "IOB": 0.361
}