{
  "requested": {
    "duration": 30, 
    "rate": 0.5, 
    "temp": "absolute"
  }, 
  "bg": 105, 
  "temp": "absolute", 
  "snoozeBG": 104, 
  "timestamp": "2017-04-02T06:05:30.815249", 
  "predBGs": {
    "IOB": [
      105, 
      102, 
      99, 
      96, 
      95, 
      93, 
      92, 
      92, 
      92, 
      93, 
      94, 
      95, 
      97, 
      99, 
      101, 
      103, 
      106, 
      108, 
      111, 
      113, 
      115, 
      117, 
      119, 
      121, 
      122, 
      123, 
      125, 
      126, 
      126, 
      127, 
      128, 
      129, 
      129, 
      130, 
      130, 
      130, 
      131
    ]
  }, 
  "reason": "COB: 0, Dev: -12, BGI: -1.55, ISF: 107, Target: 105; Eventual BG 104 < 105, 25m@-0.500 = -0.208 < req -0.01874414245548266-0.1575", 
  "rate": 0.0, 
  "COB": 0, 
  "eventualBG": 104, 
  "recieved": false, 
  "duration": 30, 
  "tick": -1, 
  "IOB": -0.111
}