{
  "bg": 103, 
  "temp": "absolute", 
  "snoozeBG": 99, 
  "recieved": true, 
  "predBGs": {
    "IOB": [
      103, 
      104, 
      105, 
      105, 
      106, 
      106, 
      106, 
      106, 
      106, 
      106, 
      106, 
      107, 
      107, 
      108, 
      108, 
      109, 
      110, 
      111, 
      111, 
      112, 
      113, 
      113, 
      114, 
      115, 
      115, 
      116, 
      116, 
      117, 
      118, 
      118, 
      119, 
      120, 
      120, 
      120, 
      121
    ]
  }, 
  "reason": "COB: 0, Dev: -9, BGI: 2.26, ISF: 96, Target: 100; Eventual BG 99 < 100, 21m@-0.600 = -0.210 < req -0.020833333333333332-0.18", 
  "rate": 0.55, 
  "COB": 0, 
  "eventualBG": 99, 
  "timestamp": "2017-04-26T17:05:40.096667", 
  "duration": 30, 
  "tick": "+6", 
  "IOB": -0.052
}