{
  "bg": 157, 
  "temp": "absolute", 
  "snoozeBG": 96, 
  "recieved": true, 
  "predBGs": {
    "IOB": [
      157, 
      152, 
      147, 
      142, 
      137, 
      133, 
      129, 
      125, 
      121, 
      118, 
      115, 
      113, 
      111, 
      109, 
      108, 
      106, 
      106, 
      105, 
      105, 
      105, 
      105, 
      105, 
      105, 
      106, 
      106, 
      107, 
      107, 
      108, 
      108, 
      109, 
      109, 
      110, 
      110, 
      111, 
      111, 
      111, 
      111, 
      111, 
      112
    ]
  }, 
  "reason": "COB: 0, Dev: -9, BGI: -3.83, ISF: 92, Target: 99; Eventual BG 96 < 99, 29m@-0.550 = -0.266 < req -0.0650759219088937-0.1875", 
  "rate": 0.075, 
  "COB": 0, 
  "eventualBG": 96, 
  "timestamp": "2017-04-27T05:16:00.605310", 
  "duration": 28, 
  "tick": -5, 
  "IOB": 0.561
}